{"name": "Walker2d-v2", "algorithm": "dagger", "expert_mean_return": 5497.490362174713, "expert_std_return": 85.13094066125547, "exp_mean": 5549.866115038048, "exp_std": 27.9492165738084}