{"returns": [4857.789281511732, 4705.181104707221, 4797.114757468701, 4817.291914052937, 2894.7039046730392, 4704.8949521702025, 4809.7988032217945, 4823.259685464013, 4595.718036730573, 4724.969548964333, 4702.5402574179425, 4809.234985610219, 4753.007514046826, 4750.18980365892, 4570.7340351269, 4791.442278502725, 4954.216904599429, 4896.4044880840065, 4820.871507315862, 4788.306259327573], "mean_return": 4678.383501132747, "std_return": 418.60364295761764}