{"returns": [4189.341673140726, 4058.6507564007657, 4239.2683640080795, 4207.2439664049925, 4150.864100906354, 4069.885869219285, 4141.092684283964, 4184.214445647027, 3990.716654312431, 4145.777539288963, 4051.298807477233, 4111.75320849513, 4133.518113568997, 4097.50779119582, 4120.6171757385955, 4234.793655825144, 4243.242660259234, 4193.465333378129, 4087.5177080567023, 4170.351470954537], "mean_return": 4141.056098928106, "std_return": 67.00115254050081}