{"returns": [3776.622474522526, 3780.3034662532846, 3778.533059459766, 3774.6915937359818, 3776.1341251437266, 3777.724980025888, 3776.0962039368183, 3773.355112105451, 3774.8410876318862, 3781.997459295268, 3779.6743839516366, 3781.4463349004714, 3775.189645286679, 3775.9197131020305, 3778.9714651894406, 3781.1356660812307, 3779.2238152503114, 3778.548844626556, 3777.9895561741027, 3770.86956614661], "mean_return": 3777.463427640983, "std_return": 2.8081556711498785}