{"returns": [10721.47727993873, 10683.080528642047, 10651.006332885992, 10685.376236876635, 10683.522543410536, 10746.216880129787, 10757.919830866018, 10616.50367309545, 10638.84487262658, 10666.012894937416, 10717.069794460127, 7693.763540308436, 591.4139595511181, 10710.465696057567, 10681.72412053038, 10574.032505197682, 10574.074271934212, 10739.27482560105, 10655.367588425948, 10684.266938788092], "mean_return": 10023.570715713191, "std_return": 2259.7242161738627}