{"returns": [-3.83936174688553, -1.312627081795718, -3.6461648941611915, -3.042911248303078, -0.9318521167089845, -3.0643440744490515, -3.83238858603248, -4.237113447701103, -1.8854259694769484, -3.822471503879213, -7.553767410236707, -1.5297196775615471, -3.780324789055722, -2.746153371250865, -4.068092507015272, -2.983577775170367, -5.345137502331562, -6.591504655440818, -2.1726476934192873, -2.9964001664073874], "mean_return": -3.4690993108641415, "std_return": 1.6091850736025088}