{"returns": [5547.299331893056, 5452.963444573814, 5508.671584597346, 5548.431084797822, 5471.528112866075, 5503.904623814329, 5290.429250859226, 5359.592270893252, 5487.183571020299, 5527.541903859403, 5540.551781171139, 5617.042918906777, 5331.13848505123, 5563.86369757108, 5445.226485559392, 5543.12438639835, 5575.507139695697, 5577.6905424960505, 5471.629706718826, 5586.486920751081], "mean_return": 5497.490362174713, "std_return": 85.13094066125547}